-- phpMyAdmin SQL Dump
-- version 4.8.3
-- https://www.phpmyadmin.net/
--
-- Host: localhost:3306
-- Generation Time: Apr 11, 2019 at 04:54 PM
-- Server version: 5.7.23
-- PHP Version: 7.2.7

SET SQL_MODE = "NO_AUTO_VALUE_ON_ZERO";
SET AUTOCOMMIT = 0;
START TRANSACTION;
SET time_zone = "+00:00";


/*!40101 SET @OLD_CHARACTER_SET_CLIENT=@@CHARACTER_SET_CLIENT */;
/*!40101 SET @OLD_CHARACTER_SET_RESULTS=@@CHARACTER_SET_RESULTS */;
/*!40101 SET @OLD_COLLATION_CONNECTION=@@COLLATION_CONNECTION */;
/*!40101 SET NAMES utf8mb4 */;

--
-- Database: `niroomo1_mahabad`
--

-- --------------------------------------------------------

--
-- Table structure for table `attrs`
--

CREATE TABLE `attrs` (
  `id` int(255) NOT NULL,
  `title` varchar(255) COLLATE utf8_persian_ci NOT NULL,
  `idcategory` int(255) NOT NULL,
  `parent_id` int(11) NOT NULL DEFAULT '0',
  `order_by` int(11) NOT NULL DEFAULT '0',
  `created_at` datetime DEFAULT NULL,
  `updated_at` timestamp NULL DEFAULT NULL
) ENGINE=InnoDB DEFAULT CHARSET=utf8 COLLATE=utf8_persian_ci;

--
-- Dumping data for table `attrs`
--

INSERT INTO `attrs` (`id`, `title`, `idcategory`, `parent_id`, `order_by`, `created_at`, `updated_at`) VALUES
(72, 'مشخصات کالا', 46, 0, 11, '2018-09-16 06:05:47', '2018-10-18 06:08:28'),
(81, 'مشخصات کالا', 48, 0, 0, '2018-09-16 08:48:13', '2018-09-18 05:10:58'),
(104, 'مشخصات کالا', 49, 0, 0, '2018-09-18 04:08:50', '2018-09-17 23:40:34'),
(106, 'شرکت سازنده', 46, 72, 1, '2018-09-18 04:14:28', '2018-10-18 05:36:37'),
(107, 'کشور سازنده', 46, 72, 2, '2018-09-18 04:14:38', '2018-10-18 05:36:37'),
(108, 'نوع Type', 46, 72, 3, '2018-09-18 04:14:50', '2018-10-18 05:36:37'),
(122, 'اندازه Frame', 46, 72, 4, '2018-09-18 07:46:52', '2018-10-18 05:36:37'),
(123, 'توان HP', 46, 72, 5, '2018-09-18 07:46:59', '2018-10-18 05:36:37'),
(124, 'توان kw', 46, 72, 6, '2018-09-18 07:47:07', '2018-10-18 05:36:37'),
(125, 'دور در دقیقه rpm', 46, 72, 7, '2018-09-18 07:49:13', '2018-10-18 05:36:37'),
(126, 'ولتاژ', 46, 72, 8, '2018-09-18 07:49:24', '2018-10-18 05:36:37'),
(127, 'جریان A', 46, 72, 9, '2018-09-18 07:49:33', '2018-10-18 05:36:37'),
(128, 'راندمان', 46, 72, 10, '2018-09-18 07:49:38', '2018-10-18 05:36:37'),
(129, 'ضریب قدرت', 46, 72, 11, '2018-09-18 07:49:47', '2018-10-18 05:36:01'),
(130, 'جنس بدنه', 46, 72, 12, '2018-09-18 07:49:54', '2018-10-18 05:36:01'),
(131, 'وضعیت کارکرد', 46, 72, 13, '2018-09-18 07:50:01', '2018-10-18 05:36:01'),
(132, 'کشور سازنده', 49, 104, 1, '2018-09-18 08:10:37', '2018-10-18 05:38:09'),
(133, 'شرکت سازنده', 49, 104, 2, '2018-09-18 08:10:45', '2018-10-18 05:38:09'),
(134, 'نوع Type', 49, 104, 3, '2018-09-18 08:10:55', '2018-10-18 05:38:09'),
(135, 'توان HP', 49, 104, 4, '2018-09-18 08:11:16', '2018-10-18 05:38:09'),
(136, 'توان kw', 49, 104, 5, '2018-09-18 08:11:24', '2018-10-18 05:38:09'),
(137, 'جریان A', 49, 104, 6, '2018-09-18 08:11:35', '2018-10-18 05:38:09'),
(138, 'حد اقل ظرفیت m3/h', 49, 104, 8, '2018-09-18 08:12:29', '2018-10-20 07:08:54'),
(139, 'حد اکثر ظرفیت m3/h', 49, 104, 9, '2018-09-18 08:13:03', '2018-10-20 07:08:54'),
(140, 'حد اقل ظرفیت l/min', 49, 104, 10, '2018-09-18 08:13:33', '2018-10-20 07:08:54'),
(141, 'حد اکثر ظرفیت l/min', 49, 104, 11, '2018-09-18 08:14:14', '2018-10-20 07:09:27'),
(142, 'قطر خروجی پمپ inch', 49, 104, 14, '2018-09-18 08:15:04', '2018-10-20 07:09:27'),
(143, 'حد اقل ارتفاع متر', 49, 104, 13, '2018-09-18 08:15:22', '2018-10-20 07:09:27'),
(144, 'حد اکثر ارتفاع متر', 49, 104, 12, '2018-09-18 08:15:33', '2018-10-20 07:09:27'),
(145, 'فلوتر سویچ', 49, 104, 15, '2018-09-18 08:15:49', '2018-10-20 07:09:27'),
(146, 'وضعیت کارکرد', 49, 104, 16, '2018-09-18 08:16:09', '2018-10-20 07:09:27'),
(147, 'توضیحات', 46, 72, 14, '2018-09-18 08:56:29', '2018-10-18 05:36:01'),
(148, 'توضیحات', 49, 104, 17, '2018-09-18 08:58:25', '2018-10-20 07:09:27'),
(149, 'مشخصات کالا', 51, 0, 0, '2018-09-18 09:13:12', '2018-09-18 04:43:12'),
(150, 'کشور سازنده', 51, 149, 1, '2018-09-18 09:13:56', '2018-10-18 05:42:17'),
(151, 'شرکت سازنده', 51, 149, 2, '2018-09-18 09:14:01', '2018-10-18 05:42:17'),
(152, 'نوع Type', 51, 149, 3, '2018-09-18 09:15:28', '2018-10-18 05:42:17'),
(153, 'توان HP', 51, 149, 4, '2018-09-18 09:15:36', '2018-10-18 05:42:17'),
(154, 'توان kw', 51, 149, 5, '2018-09-18 09:15:44', '2018-10-18 05:42:17'),
(155, 'ولتاژ', 51, 149, 6, '2018-09-18 09:15:50', '2018-10-18 05:42:17'),
(156, 'حد اقل ظرفیت m3/h', 51, 149, 7, '2018-09-18 09:15:59', '2018-10-18 05:42:17'),
(157, 'حد اکثر ظرفیت m3/h', 51, 149, 8, '2018-09-18 09:16:13', '2018-10-18 05:42:17'),
(158, 'حد اقل ظرفیت l/min', 51, 149, 9, '2018-09-18 09:16:22', '2018-10-18 05:42:17'),
(159, 'حد اکثر ظرفیت l/min', 51, 149, 10, '2018-09-18 09:16:34', '2018-10-18 05:42:17'),
(160, 'قطر خروجی پمپ inch', 51, 149, 11, '2018-09-18 09:16:40', '2018-10-18 05:41:40'),
(161, 'حد اقل ارتفاع متر', 51, 149, 12, '2018-09-18 09:16:48', '2018-10-18 05:41:40'),
(162, 'حد اکثر ارتفاع متر', 51, 149, 13, '2018-09-18 09:17:05', '2018-10-18 05:41:40'),
(163, 'وضعیت کارکرد', 51, 149, 14, '2018-09-18 09:17:29', '2018-10-18 05:41:40'),
(164, 'توضیحات', 51, 149, 15, '2018-09-18 09:17:36', '2018-10-18 05:41:40'),
(165, 'مشخصات کالا', 45, 0, 0, '2018-09-18 09:19:43', '2018-09-18 04:49:43'),
(166, 'کشور سازنده', 45, 165, 1, '2018-09-18 09:25:14', '2018-10-18 06:07:56'),
(167, 'شرکت سازنده', 45, 165, 2, '2018-09-18 09:25:24', '2018-10-18 06:07:56'),
(168, 'نوع Type', 45, 165, 3, '2018-09-18 09:25:33', '2018-10-18 06:07:56'),
(169, 'اندازه Frame', 45, 165, 4, '2018-09-18 09:25:51', '2018-10-18 06:07:56'),
(170, 'توان HP', 45, 165, 5, '2018-09-18 09:26:04', '2018-10-18 06:07:56'),
(171, 'توان kw', 45, 165, 6, '2018-09-18 09:26:10', '2018-10-18 06:07:56'),
(172, 'دور در دقیقه rpm', 45, 165, 7, '2018-09-18 09:26:17', '2018-10-18 06:07:56'),
(173, 'ولتاژ', 45, 165, 8, '2018-09-18 09:26:23', '2018-10-18 06:07:56'),
(174, 'جریان A', 45, 165, 9, '2018-09-18 09:26:28', '2018-10-18 06:07:56'),
(175, 'نوع اتصال', 45, 165, 10, '2018-09-18 09:26:40', '2018-10-18 06:07:56'),
(176, 'راندمان', 45, 165, 11, '2018-09-18 09:26:47', '2018-10-18 05:33:25'),
(177, 'ضریب قدرت', 45, 165, 12, '2018-09-18 09:26:52', '2018-10-18 05:33:25'),
(178, 'جنس بدنه', 45, 165, 13, '2018-09-18 09:27:02', '2018-10-18 05:33:25'),
(179, 'وضعیت کارکرد', 45, 165, 14, '2018-09-18 09:27:08', '2018-10-18 05:33:25'),
(180, 'مشخصات کالا', 47, 0, 0, '2018-09-18 09:27:32', '2018-09-18 04:57:32'),
(181, 'کشور سازنده', 47, 180, 1, '2018-09-18 09:36:44', '2018-10-18 05:52:48'),
(182, 'شرکت سازنده', 47, 180, 2, '2018-09-18 09:36:49', '2018-10-18 05:52:48'),
(183, 'نوع Type', 47, 180, 3, '2018-09-18 09:36:58', '2018-10-18 05:52:48'),
(184, 'توان KVA', 47, 180, 4, '2018-09-18 09:37:19', '2018-10-18 05:52:48'),
(185, 'دور در دقیقه rpm', 47, 180, 5, '2018-09-18 09:37:28', '2018-10-18 05:52:48'),
(186, 'نوع ولتاژ', 47, 180, 6, '2018-09-18 09:38:03', '2018-10-18 05:52:48'),
(187, 'مقدار ولتاژ', 47, 180, 7, '2018-09-18 09:38:12', '2018-10-18 05:52:48'),
(188, 'جریان A', 47, 180, 8, '2018-09-18 09:38:18', '2018-10-18 05:52:48'),
(189, 'ضریب قدرت', 47, 180, 9, '2018-09-18 09:38:25', '2018-10-18 05:52:48'),
(190, 'ژنراتور کوپل شده/نشده', 47, 180, 10, '2018-09-18 09:38:53', '2018-10-18 05:52:48'),
(191, 'وضعیت کارکرد', 47, 180, 11, '2018-09-18 09:39:13', '2018-10-18 05:54:10'),
(192, 'توضیحات', 47, 180, 12, '2018-09-18 09:48:34', '2018-10-18 05:54:10'),
(193, 'کشور سازنده', 48, 81, 1, '2018-09-18 09:49:12', '2018-10-18 05:54:42'),
(194, 'شرکت سازنده', 48, 81, 2, '2018-09-18 09:49:38', '2018-10-18 05:54:42'),
(195, 'نوع Type', 48, 81, 3, '2018-09-18 09:49:45', '2018-10-18 05:54:42'),
(196, 'توان KVA', 48, 81, 4, '2018-09-18 09:49:55', '2018-10-18 05:54:42'),
(197, 'نوع ولتاژ', 48, 81, 5, '2018-09-18 09:50:11', '2018-10-18 05:54:42'),
(198, 'مقدار ولتاژ', 48, 81, 6, '2018-09-18 09:50:33', '2018-10-18 05:54:42'),
(199, 'جریان A', 48, 81, 7, '2018-09-18 09:50:40', '2018-10-18 05:54:42'),
(200, 'وضعیت کارکرد', 48, 81, 8, '2018-09-18 09:50:51', '2018-10-18 05:54:42'),
(201, 'توضیحات', 48, 81, 9, '2018-09-18 09:50:58', '2018-10-18 05:54:42'),
(202, 'توضیحات', 45, 165, 15, '2018-09-24 08:16:16', '2018-10-18 05:33:25'),
(203, 'مشخصات کالا', 53, 0, 0, '2018-09-24 08:20:32', '2018-09-24 04:50:32'),
(204, 'شرکت سازنده', 53, 203, 1, '2018-09-24 08:22:38', '2018-10-18 05:55:44'),
(205, 'کشور سازنده', 53, 203, 2, '2018-09-24 08:22:45', '2018-10-18 05:55:44'),
(206, 'نوع Type', 53, 203, 3, '2018-09-24 08:22:53', '2018-10-18 05:55:44'),
(207, 'توان HP', 53, 203, 4, '2018-09-24 08:23:06', '2018-10-18 05:55:44'),
(208, 'توان kw', 53, 203, 5, '2018-09-24 08:23:14', '2018-10-18 05:55:44'),
(209, 'دور در دقیقه rpm', 53, 203, 6, '2018-09-24 08:23:34', '2018-10-18 05:55:44'),
(210, 'ولتاژ', 53, 203, 7, '2018-09-24 08:23:40', '2018-10-18 05:55:44'),
(211, 'جریان A', 53, 203, 8, '2018-09-24 08:23:45', '2018-10-18 05:55:44'),
(212, 'وضعیت کارکرد', 53, 203, 9, '2018-09-24 08:23:59', '2018-10-18 05:55:44'),
(213, 'توضیحات', 53, 203, 10, '2018-09-24 08:24:06', '2018-10-18 05:55:44'),
(214, 'مشخصات کالا', 55, 0, 0, '2018-09-25 11:27:50', '2018-09-25 07:57:50'),
(215, 'تعداد', 55, 0, 0, '2018-09-25 11:28:02', '2018-09-25 07:58:02'),
(216, 'مشخصات دستگاه', 56, 0, 0, '2018-09-30 08:37:04', '2018-09-30 05:07:04'),
(217, 'کد مشتری', 56, 216, 1, '2018-09-30 08:37:20', '2018-10-18 06:05:19'),
(219, 'عنوان دستگاه', 56, 216, 2, '2018-09-30 08:38:29', '2018-10-18 06:05:19'),
(220, 'تاریخ آخرین سرویس انجام شده', 56, 216, 3, '2018-09-30 08:38:40', '2018-10-18 06:05:19'),
(221, 'اقدامات انجام شده در آخرین سرویس', 56, 216, 4, '2018-09-30 08:39:20', '2018-10-18 06:05:19'),
(222, 'تاریخ سرویس بعدی', 56, 216, 5, '2018-09-30 08:39:29', '2018-10-18 06:05:19'),
(223, 'توضیحات', 56, 216, 6, '2018-09-30 10:49:18', '2018-10-18 06:05:19'),
(224, 'مشخصات کالا', 52, 0, 0, '2018-10-10 06:27:21', '2018-10-10 02:57:21'),
(225, 'شرکت سازنده', 52, 224, 2, '2018-10-10 06:27:40', '2018-10-18 05:58:52'),
(226, 'کشور سازنده', 52, 224, 1, '2018-10-10 06:27:46', '2018-10-18 05:58:52'),
(227, 'مدل Type', 52, 224, 3, '2018-10-10 06:27:56', '2018-10-18 05:58:52'),
(228, 'توان HP', 52, 224, 4, '2018-10-10 06:29:01', '2018-10-18 05:58:52'),
(229, 'توان kw', 52, 224, 5, '2018-10-10 06:29:07', '2018-10-18 05:59:14'),
(230, 'جریان A', 52, 224, 6, '2018-10-10 06:29:12', '2018-10-17 15:28:19'),
(231, 'دور در دقیقه rpm', 52, 224, 8, '2018-10-10 06:29:20', '2018-10-18 06:01:06'),
(232, 'ولتاژ V', 52, 224, 7, '2018-10-10 06:29:51', '2018-10-18 06:01:06'),
(233, 'نوع اتصال', 52, 224, 10, '2018-10-10 06:30:00', '2018-10-20 06:56:32'),
(234, 'وضعیت کارکرد', 52, 224, 12, '2018-10-10 06:50:15', '2018-10-20 06:56:55'),
(235, 'توضیحات', 52, 224, 13, '2018-10-10 06:50:22', '2018-10-20 06:56:55'),
(237, 'ضریب قدرت', 52, 224, 9, '2018-10-20 09:23:05', '2018-10-20 06:56:10'),
(238, 'راندمان', 52, 224, 11, '2018-10-20 09:23:14', '2018-10-20 06:56:55'),
(239, 'مشخصات قطعه', 54, 0, 0, '2018-10-20 10:27:29', '2018-10-20 06:57:29'),
(240, 'نام قطعه', 54, 239, 1, '2018-10-20 10:28:15', '2018-10-20 07:02:05'),
(241, 'توضیحات', 54, 239, 4, '2018-10-20 10:28:35', '2018-10-20 07:06:04'),
(242, 'موجودی', 54, 239, 5, '2018-10-20 10:29:28', '2018-10-20 07:05:51'),
(243, 'نوع Type', 54, 239, 2, '2018-10-20 10:32:20', '2018-10-20 07:05:51'),
(244, 'کشور سازنده', 54, 239, 3, '2018-10-20 10:32:33', '2018-10-20 07:05:51'),
(245, 'دور در دقیقه rpm', 49, 104, 7, '2018-10-20 10:38:23', '2018-10-20 07:08:54');

-- --------------------------------------------------------

--
-- Table structure for table `attr_products`
--

CREATE TABLE `attr_products` (
  `id` int(255) NOT NULL,
  `product_id` int(255) NOT NULL,
  `Attr_id` int(255) NOT NULL,
  `Attr_val` varchar(190) COLLATE utf8_persian_ci DEFAULT NULL,
  `created_at` datetime DEFAULT NULL,
  `updated_at` timestamp NULL DEFAULT NULL
) ENGINE=InnoDB DEFAULT CHARSET=utf8 COLLATE=utf8_persian_ci;

--
-- Dumping data for table `attr_products`
--

INSERT INTO `attr_products` (`id`, `product_id`, `Attr_id`, `Attr_val`, `created_at`, `updated_at`) VALUES
(114, 46, 48, 'test', '2018-09-10 12:20:06', '2018-09-10 07:50:06'),
(162, 53, 217, '100', '2018-09-30 10:36:25', '2018-09-30 07:23:18'),
(163, 53, 218, 'شناور اسپیکو دو اینچ', '2018-09-30 10:36:25', '2018-09-30 07:06:25'),
(164, 53, 219, 'شناور اسپیکو دو اینچ', '2018-09-30 10:36:25', '2018-09-30 07:32:36'),
(165, 53, 220, '98/9/1', '2018-09-30 10:36:25', '2018-09-30 07:14:56'),
(166, 53, 221, 'تعویض- بلبرینگها- سیم پیچی و ...', '2018-09-30 10:36:25', '2018-09-30 07:06:25'),
(167, 53, 222, '98/8/1', '2018-09-30 10:36:25', '2018-09-30 07:32:36'),
(168, 54, 217, '100', '2018-09-30 10:40:19', '2018-09-30 07:23:03'),
(169, 54, 218, 'شناور اسپیکو دو اینچ', '2018-09-30 10:40:19', '2018-09-30 07:10:19'),
(170, 54, 219, 'کفکش استیل لوارا', '2018-09-30 10:40:19', '2018-09-30 07:33:34'),
(171, 54, 220, '98/8/1', '2018-09-30 10:40:19', '2018-09-30 07:10:19'),
(172, 54, 221, 'تعویض- بلبرینگها- سیم پیچی و ...', '2018-09-30 10:40:19', '2018-09-30 07:10:19'),
(173, 54, 222, '98/8/1', '2018-09-30 10:40:19', '2018-09-30 07:33:34'),
(174, 53, 223, 'برای شفت از سیم استیل استفاده شده است', '2018-09-30 10:50:44', '2018-09-30 07:32:36'),
(175, 54, 223, 'برای شفت از سیم استیل استفاده شده است', '2018-09-30 10:53:03', '2018-09-30 07:33:34'),
(212, 58, 225, 'ATB', '2018-10-10 06:38:41', '2018-10-10 03:08:41'),
(213, 58, 226, 'اتریش', '2018-10-10 06:38:41', '2018-10-10 03:08:41'),
(214, 58, 227, 'RBF0.09/2-71R', '2018-10-10 06:38:41', '2018-10-10 03:08:41'),
(215, 58, 228, '0.13/0.74', '2018-10-10 06:38:41', '2018-10-20 02:52:45'),
(216, 58, 229, '0.01/0.055', '2018-10-10 06:38:41', '2018-10-10 03:08:41'),
(217, 58, 230, '0.26/0.53', '2018-10-10 06:38:41', '2018-10-10 03:08:41'),
(218, 58, 231, '1400/2810', '2018-10-10 06:38:41', '2018-10-20 02:52:45'),
(219, 58, 232, '230', '2018-10-10 06:38:41', '2018-10-10 03:21:39'),
(220, 58, 233, '', '2018-10-10 06:38:41', '2018-10-10 03:21:39'),
(221, 59, 225, 'elektromaschinenbau', '2018-10-10 06:43:49', '2018-10-10 03:13:49'),
(222, 59, 226, 'اتریش', '2018-10-10 06:43:49', '2018-10-10 03:13:49'),
(223, 59, 227, 'DKF80K056', '2018-10-10 06:43:49', '2018-10-10 03:13:49'),
(224, 59, 228, '0.5', '2018-10-10 06:43:49', '2018-10-10 03:13:49'),
(225, 59, 229, '0.37', '2018-10-10 06:43:49', '2018-10-10 03:13:49'),
(226, 59, 230, '2.4/4.2', '2018-10-10 06:43:49', '2018-10-10 03:13:49'),
(227, 59, 231, '925', '2018-10-10 06:43:49', '2018-10-10 03:13:49'),
(228, 59, 232, '220/380', '2018-10-10 06:43:49', '2018-10-10 03:22:42'),
(229, 59, 233, 'ستاره', '2018-10-10 06:43:49', '2018-10-10 03:22:42'),
(230, 58, 234, 'دست دوم تمیز - فابریک', '2018-10-10 06:51:39', '2018-10-10 03:21:39'),
(231, 58, 235, 'در صورت نیاز با شماره 09146669431 تماس بگیرید', '2018-10-10 06:51:39', '2018-10-20 02:27:12'),
(232, 59, 234, 'دست دوم تمیز - فابریک', '2018-10-10 06:52:42', '2018-10-10 03:22:42'),
(233, 59, 235, 'در صورت نیاز با شماره 09146669431 تماس بگیرید', '2018-10-10 06:52:42', '2018-10-20 02:44:46'),
(234, 60, 225, 'ATB', '2018-10-10 06:56:44', '2018-10-10 03:26:44'),
(235, 60, 226, 'اتریش', '2018-10-10 06:56:44', '2018-10-10 03:26:44'),
(236, 60, 227, 'RBF0.09/2-71RQ', '2018-10-10 06:56:44', '2018-10-10 03:26:44'),
(237, 60, 228, '0.12', '2018-10-10 06:56:44', '2018-10-10 03:26:44'),
(238, 60, 229, '0.09', '2018-10-10 06:56:44', '2018-10-10 03:26:44'),
(239, 60, 230, '0.42', '2018-10-10 06:56:44', '2018-10-10 03:26:44'),
(240, 60, 231, '2600', '2018-10-10 06:56:45', '2018-10-10 03:26:45'),
(241, 60, 232, '230', '2018-10-10 06:56:45', '2018-10-10 03:26:45'),
(242, 60, 234, 'دست دوم تمیز - فابریک', '2018-10-10 06:56:45', '2018-10-10 03:26:45'),
(243, 60, 235, 'در صورت نیاز با شماره 09146669431 تماس بگیرید', '2018-10-10 06:56:45', '2018-10-20 02:29:52'),
(244, 61, 225, 'ATB', '2018-10-10 07:04:49', '2018-10-10 03:34:49'),
(245, 61, 226, 'اتریش', '2018-10-10 07:04:49', '2018-10-10 03:34:49'),
(246, 61, 227, 'RBF0.09/2-71R', '2018-10-10 07:04:49', '2018-10-10 03:34:49'),
(247, 61, 228, '0.013/0.04', '2018-10-10 07:04:49', '2018-10-20 02:42:19'),
(248, 61, 229, '0.01/0.03', '2018-10-10 07:04:49', '2018-10-20 02:42:19'),
(249, 61, 230, '0.28/0.38', '2018-10-10 07:04:49', '2018-10-20 02:42:19'),
(250, 61, 231, '1400/2810', '2018-10-10 07:04:49', '2018-10-10 03:34:49'),
(251, 61, 232, '220', '2018-10-10 07:04:49', '2018-10-10 03:34:49'),
(252, 61, 234, 'دست دوم تمیز - فابریک', '2018-10-10 07:04:49', '2018-10-10 03:34:49'),
(253, 61, 235, 'در صورت نیاز با شماره 09146669431 تماس بگیرید', '2018-10-10 07:04:49', '2018-10-20 02:30:21'),
(254, 62, 225, 'ATB', '2018-10-10 07:14:51', '2018-10-10 03:44:51'),
(255, 62, 226, 'اتریش', '2018-10-10 07:14:51', '2018-10-10 03:44:51'),
(256, 62, 227, 'RB0.09/2-71R', '2018-10-10 07:14:51', '2018-10-10 03:44:51'),
(257, 62, 228, '0.013/0.075', '2018-10-10 07:14:51', '2018-10-20 02:55:37'),
(258, 62, 229, '0.01/0.055', '2018-10-10 07:14:51', '2018-10-20 02:55:37'),
(259, 62, 230, '0.26/0.53', '2018-10-10 07:14:51', '2018-10-10 03:44:51'),
(260, 62, 231, '1400/2810', '2018-10-10 07:14:51', '2018-10-10 03:44:51'),
(261, 62, 232, '230', '2018-10-10 07:14:51', '2018-10-10 03:44:51'),
(262, 62, 234, 'دست دوم تمیز - فابریک', '2018-10-10 07:14:51', '2018-10-10 03:44:51'),
(263, 62, 235, 'در صورت نیاز با شماره 09146669431 تماس بگیرید', '2018-10-10 07:14:51', '2018-10-20 02:55:37'),
(264, 63, 225, 'ATB', '2018-10-10 07:26:25', '2018-10-10 03:56:25'),
(265, 63, 226, 'اتریش', '2018-10-10 07:26:25', '2018-10-10 03:56:25'),
(266, 63, 227, 'RBF0.09/2-71RQ', '2018-10-10 07:26:25', '2018-10-10 03:56:25'),
(267, 63, 228, '0.013/0.04', '2018-10-10 07:26:25', '2018-10-20 02:56:45'),
(268, 63, 229, '0.01/0.03', '2018-10-10 07:26:25', '2018-10-10 03:56:25'),
(269, 63, 230, '0.28/0.38', '2018-10-10 07:26:25', '2018-10-10 03:56:25'),
(270, 63, 231, '1400/2810', '2018-10-10 07:26:25', '2018-10-10 03:56:25'),
(271, 63, 232, '220', '2018-10-10 07:26:25', '2018-10-10 03:56:25'),
(272, 63, 234, 'دست دوم تمیز - فابریک', '2018-10-10 07:26:25', '2018-10-10 03:56:25'),
(273, 63, 235, 'در صورت نیاز با شماره 09146669431 تماس بگیرید', '2018-10-10 07:26:25', '2018-10-20 02:56:45'),
(274, 64, 225, 'ATB', '2018-10-10 07:41:03', '2018-10-10 04:11:03'),
(275, 64, 226, 'اتریش', '2018-10-10 07:41:03', '2018-10-10 04:11:03'),
(276, 64, 227, 'RB0.09/A/2-71R', '2018-10-10 07:41:03', '2018-10-10 04:11:03'),
(277, 64, 228, '0.013/0.075', '2018-10-10 07:41:03', '2018-10-20 02:58:48'),
(278, 64, 229, '0.01/0.055', '2018-10-10 07:41:03', '2018-10-10 04:11:03'),
(279, 64, 230, '0.26/0.53', '2018-10-10 07:41:03', '2018-10-10 04:11:03'),
(280, 64, 231, '1400/2810', '2018-10-10 07:41:03', '2018-10-10 04:11:03'),
(281, 64, 232, '230', '2018-10-10 07:41:03', '2018-10-10 04:11:03'),
(282, 64, 234, 'دست دوم تمیز - فابریک', '2018-10-10 07:41:03', '2018-10-10 04:11:03'),
(283, 64, 235, 'در صورت نیاز با شماره 09146669431 تماس بگیرید', '2018-10-10 07:41:03', '2018-10-20 02:58:48'),
(284, 65, 132, 'ترکیه', '2018-10-10 07:50:49', '2018-10-10 04:20:49'),
(285, 65, 135, '4', '2018-10-10 07:50:49', '2018-10-10 04:20:49'),
(286, 65, 136, '3', '2018-10-10 07:50:49', '2018-10-10 04:20:49'),
(287, 65, 137, '16', '2018-10-10 07:50:49', '2018-10-10 04:20:49'),
(288, 65, 146, 'دست دوم - فابریک', '2018-10-10 07:50:49', '2018-10-10 04:20:49'),
(289, 65, 148, 'در صورت نیاز با شماره 09146669431 تماس بگیرید', '2018-10-10 07:50:49', '2018-10-20 02:25:58'),
(290, 66, 204, 'موتو ژن', '2018-10-10 07:56:53', '2018-10-10 04:26:53'),
(291, 66, 205, 'ایران', '2018-10-10 07:56:53', '2018-10-10 04:26:53'),
(292, 66, 206, '1/2', '2018-10-10 07:56:53', '2018-10-10 04:26:53'),
(293, 66, 207, '1/2', '2018-10-10 07:56:53', '2018-10-10 04:26:53'),
(294, 66, 209, '1466/950', '2018-10-10 07:56:53', '2018-10-10 04:26:53'),
(295, 66, 210, '220', '2018-10-10 07:56:53', '2018-10-10 04:26:53'),
(296, 66, 212, 'آکبند با گارانتی', '2018-10-10 07:56:53', '2018-10-10 04:26:53'),
(297, 66, 213, 'در صورت نیاز با شماره 09146669431 تماس بگیرید', '2018-10-10 07:56:53', '2018-10-20 02:59:21'),
(298, 67, 204, 'موتو ژن', '2018-10-10 08:02:01', '2018-10-10 04:32:01'),
(299, 67, 205, 'ایران', '2018-10-10 08:02:02', '2018-10-10 04:32:02'),
(300, 67, 206, '1/8', '2018-10-10 08:02:02', '2018-10-10 04:32:02'),
(301, 67, 207, '1/8', '2018-10-10 08:02:02', '2018-10-10 04:32:02'),
(302, 67, 212, 'آکبند', '2018-10-10 08:02:02', '2018-10-10 04:32:02'),
(303, 67, 213, 'در صورت نیاز با شماره 09146669431 تماس بگیرید', '2018-10-10 08:02:02', '2018-10-20 03:00:00'),
(304, 68, 166, 'ایران', '2018-10-17 06:07:33', '2018-10-17 02:37:33'),
(305, 68, 167, 'موتوژن', '2018-10-17 06:07:33', '2018-10-20 01:06:15'),
(306, 68, 168, '112M4', '2018-10-17 06:07:33', '2018-10-17 02:37:33'),
(307, 68, 169, '112', '2018-10-17 06:07:33', '2018-10-17 02:37:33'),
(308, 68, 170, '5.5', '2018-10-17 06:07:33', '2018-10-17 02:37:33'),
(309, 68, 171, '4', '2018-10-17 06:07:33', '2018-10-17 02:37:33'),
(310, 68, 172, '1500', '2018-10-17 06:07:33', '2018-10-20 01:06:15'),
(311, 68, 173, '380/660', '2018-10-17 06:07:33', '2018-10-17 02:37:33'),
(312, 68, 174, '8.8/5.1', '2018-10-17 06:07:33', '2018-10-17 02:37:33'),
(313, 68, 175, 'star/delta', '2018-10-17 06:07:33', '2018-10-17 02:37:33'),
(314, 68, 176, '0.83', '2018-10-17 06:07:33', '2018-10-17 02:37:33'),
(315, 68, 177, '0.84', '2018-10-17 06:07:33', '2018-10-17 02:37:33'),
(316, 68, 178, 'الومینیوم', '2018-10-17 06:07:33', '2018-10-17 02:37:33'),
(317, 68, 179, 'دست دوم', '2018-10-17 06:07:33', '2018-10-17 02:37:33'),
(318, 68, 202, 'در صورت نیاز با شماره 09146669431 تماس بگیرید', '2018-10-17 06:07:33', '2018-10-17 02:37:33'),
(319, 69, 106, 'Elprom', '2018-10-17 06:13:54', '2018-10-17 02:43:54'),
(320, 69, 107, 'بلغارستان', '2018-10-17 06:13:54', '2018-10-17 02:43:54'),
(321, 69, 108, 'EOPK-90L-4B3', '2018-10-17 06:13:54', '2018-10-17 02:43:54'),
(322, 69, 122, '90L', '2018-10-17 06:13:54', '2018-10-17 02:43:54'),
(323, 69, 123, '1', '2018-10-17 06:13:54', '2018-10-17 02:43:54'),
(324, 69, 124, '0.75', '2018-10-17 06:13:54', '2018-10-17 02:43:54'),
(325, 69, 125, '1500', '2018-10-17 06:13:54', '2018-10-20 01:11:22'),
(326, 69, 126, '220', '2018-10-17 06:13:54', '2018-10-17 02:43:54'),
(327, 69, 127, '7.1', '2018-10-17 06:13:54', '2018-10-17 02:43:54'),
(328, 69, 129, '0.75', '2018-10-17 06:13:54', '2018-10-17 02:43:54'),
(329, 69, 130, 'چدن', '2018-10-17 06:13:54', '2018-10-17 02:43:54'),
(330, 69, 131, 'دست دوم', '2018-10-17 06:13:54', '2018-10-17 02:43:54'),
(331, 69, 147, 'در صورت نیاز با شماره 09146669431 تماس بگیرید', '2018-10-17 06:13:54', '2018-10-17 02:43:54'),
(332, 70, 166, 'ایران', '2018-10-17 06:29:52', '2018-10-17 02:59:52'),
(333, 70, 167, 'موتوژن', '2018-10-17 06:29:52', '2018-10-20 01:08:37'),
(334, 70, 168, '90L4B', '2018-10-17 06:29:52', '2018-10-17 02:59:52'),
(335, 70, 169, '90L', '2018-10-17 06:29:52', '2018-10-17 02:59:52'),
(336, 70, 170, '2', '2018-10-17 06:29:52', '2018-10-17 02:59:52'),
(337, 70, 171, '1.5', '2018-10-17 06:29:52', '2018-10-17 02:59:52'),
(338, 70, 172, '1500', '2018-10-17 06:29:52', '2018-10-20 01:08:37'),
(339, 70, 173, '220/380', '2018-10-17 06:29:52', '2018-10-17 02:59:52'),
(340, 70, 174, '6.9/4', '2018-10-17 06:29:52', '2018-10-17 02:59:52'),
(341, 70, 175, 'star/delta', '2018-10-17 06:29:52', '2018-10-17 02:59:52'),
(342, 70, 176, '76', '2018-10-17 06:29:52', '2018-10-17 02:59:52'),
(343, 70, 177, '0.78', '2018-10-17 06:29:52', '2018-10-17 02:59:52'),
(344, 70, 178, 'الومینیوم', '2018-10-17 06:29:52', '2018-10-17 02:59:52'),
(345, 70, 179, 'دست دوم-سیم پیچی شده در کارگاه صنعتی نیرو محرکه- کارکرد عالی', '2018-10-17 06:29:52', '2018-10-17 02:59:52'),
(346, 70, 202, 'در صورت نیاز با شماره 09146669431 تماس بگیرید', '2018-10-17 06:29:52', '2018-10-17 02:59:52'),
(347, 71, 106, 'PEM', '2018-10-17 06:41:18', '2018-10-17 03:11:18'),
(348, 71, 107, 'چین', '2018-10-17 06:41:18', '2018-10-17 03:11:18'),
(349, 71, 108, 'YC90S-4', '2018-10-17 06:41:18', '2018-10-17 03:11:18'),
(350, 71, 122, '90', '2018-10-17 06:41:18', '2018-10-17 03:11:18'),
(351, 71, 123, '1', '2018-10-17 06:41:18', '2018-10-17 03:11:18'),
(352, 71, 124, '0.75', '2018-10-17 06:41:18', '2018-10-17 03:11:18'),
(353, 71, 125, '1500', '2018-10-17 06:41:18', '2018-10-20 01:12:33'),
(354, 71, 126, '220', '2018-10-17 06:41:18', '2018-10-17 03:11:18'),
(355, 71, 127, '6.9', '2018-10-17 06:41:18', '2018-10-17 03:11:18'),
(356, 71, 130, 'چدن', '2018-10-17 06:41:18', '2018-10-17 03:11:18'),
(357, 71, 131, 'دست دوم-سیم پیچی شده در کارگاه صنعتی نیرو محرکه', '2018-10-17 06:41:18', '2018-10-17 03:11:18'),
(358, 71, 147, 'در صورت نیاز با شماره 09146669431 تماس بگیرید', '2018-10-17 06:41:18', '2018-10-17 03:11:18'),
(359, 72, 166, 'چین', '2018-10-17 06:50:28', '2018-10-17 03:20:28'),
(360, 72, 170, '4', '2018-10-17 06:50:28', '2018-10-17 03:20:28'),
(361, 72, 171, '3', '2018-10-17 06:50:28', '2018-10-17 03:20:28'),
(362, 72, 172, '1500', '2018-10-17 06:50:28', '2018-10-20 01:12:51'),
(363, 72, 173, '220/380', '2018-10-17 06:50:28', '2018-10-17 03:20:28'),
(364, 72, 174, '11.3/6.5', '2018-10-17 06:50:28', '2018-10-17 03:20:28'),
(365, 72, 175, 'ستاره', '2018-10-17 06:50:28', '2018-10-17 03:20:28'),
(366, 72, 178, 'چدن', '2018-10-17 06:50:28', '2018-10-17 03:20:28'),
(367, 72, 179, 'دست دوم- در صورت نیاز باید سربندی و سیمهای خروجی صلاح شوند.', '2018-10-17 06:50:28', '2018-10-17 03:20:28'),
(368, 72, 202, 'در صورت نیاز با شماره 09146669431 تماس بگیرید', '2018-10-17 06:50:28', '2018-10-17 03:20:28'),
(373, 72, 167, '', '2018-10-20 04:40:04', '2018-10-20 01:10:04'),
(374, 72, 168, '', '2018-10-20 04:40:04', '2018-10-20 01:10:04'),
(375, 72, 169, '', '2018-10-20 04:40:04', '2018-10-20 01:10:04'),
(376, 72, 176, '', '2018-10-20 04:40:04', '2018-10-20 01:10:04'),
(377, 72, 177, '', '2018-10-20 04:40:04', '2018-10-20 01:10:04'),
(378, 69, 128, '', '2018-10-20 04:41:22', '2018-10-20 01:11:22'),
(379, 71, 128, '', '2018-10-20 04:42:33', '2018-10-20 01:12:33'),
(380, 71, 129, '', '2018-10-20 04:42:33', '2018-10-20 01:12:33'),
(381, 65, 133, '', '2018-10-20 05:55:58', '2018-10-20 02:25:58'),
(382, 65, 134, '', '2018-10-20 05:55:58', '2018-10-20 02:25:58'),
(383, 65, 138, '', '2018-10-20 05:55:58', '2018-10-20 02:25:58'),
(384, 65, 139, '', '2018-10-20 05:55:58', '2018-10-20 02:25:58'),
(385, 65, 140, '', '2018-10-20 05:55:58', '2018-10-20 02:25:58'),
(386, 65, 141, '', '2018-10-20 05:55:58', '2018-10-20 02:25:58'),
(387, 65, 142, '', '2018-10-20 05:55:58', '2018-10-20 02:25:58'),
(388, 65, 143, '', '2018-10-20 05:55:58', '2018-10-20 02:25:58'),
(389, 65, 144, '', '2018-10-20 05:55:58', '2018-10-20 02:25:58'),
(390, 65, 145, '', '2018-10-20 05:55:58', '2018-10-20 02:25:58'),
(406, 60, 233, '', '2018-10-20 05:59:52', '2018-10-20 02:29:52'),
(407, 61, 233, '', '2018-10-20 06:00:21', '2018-10-20 02:30:21'),
(408, 62, 233, '', '2018-10-20 06:25:37', '2018-10-20 02:55:37'),
(409, 63, 233, '', '2018-10-20 06:26:45', '2018-10-20 02:56:45'),
(410, 64, 233, '', '2018-10-20 06:28:48', '2018-10-20 02:58:48'),
(411, 66, 208, '', '2018-10-20 06:29:21', '2018-10-20 02:59:21'),
(412, 66, 211, '', '2018-10-20 06:29:21', '2018-10-20 02:59:21'),
(413, 67, 208, '', '2018-10-20 06:30:00', '2018-10-20 03:00:00'),
(414, 67, 209, '', '2018-10-20 06:30:00', '2018-10-20 03:00:00'),
(415, 67, 210, '', '2018-10-20 06:30:00', '2018-10-20 03:00:00'),
(416, 67, 211, '', '2018-10-20 06:30:00', '2018-10-20 03:00:00'),
(417, 65, 245, '', '2018-11-11 12:22:45', '2018-11-11 08:52:45'),
(418, 83, 225, 'SEC', '2018-11-11 12:33:48', '2018-11-11 09:03:48'),
(419, 83, 226, 'چین', '2018-11-11 12:33:48', '2018-11-11 09:03:48'),
(420, 83, 227, 'Y 100L2-4', '2018-11-11 12:33:48', '2018-11-11 09:03:48'),
(421, 83, 228, '4', '2018-11-11 12:33:48', '2018-11-11 09:03:48'),
(422, 83, 229, '3', '2018-11-11 12:33:48', '2018-11-11 09:03:48'),
(423, 83, 230, '6.8', '2018-11-11 12:33:48', '2018-11-11 09:03:48'),
(424, 83, 231, '1420', '2018-11-11 12:33:48', '2018-11-11 09:03:48'),
(425, 83, 232, '220/380', '2018-11-11 12:33:48', '2018-11-11 09:03:48'),
(426, 83, 233, 'STAR', '2018-11-11 12:33:48', '2018-11-11 09:03:48'),
(427, 83, 234, 'علیرغم وضعیت ظاهری زیاد کار نکرده', '2018-11-11 12:33:48', '2018-11-11 09:03:48'),
(428, 83, 235, 'مخصوص دستگاه گیوتین ورق ؛ در صورت نیاز با شماره 09178037594  آقای فاطمی تماس بگیرید', '2018-11-11 12:33:48', '2018-11-11 13:19:05'),
(429, 83, 237, '', '2018-11-11 16:41:21', '2018-11-11 13:11:21'),
(430, 83, 238, '', '2018-11-11 16:41:22', '2018-11-11 13:11:22'),
(431, 84, 132, 'ایران', '2018-11-25 08:43:28', '2018-11-25 05:13:28'),
(432, 84, 133, 'پمپ شرکت سولار و موتور شرکت پمپیران', '2018-11-25 08:43:28', '2018-11-25 14:29:09'),
(433, 84, 134, '152/14-6E 53/2', '2018-11-25 08:43:28', '2018-11-25 05:13:28'),
(434, 84, 135, '7.5', '2018-11-25 08:43:28', '2018-11-25 05:13:28'),
(435, 84, 136, '5.5', '2018-11-25 08:43:28', '2018-11-25 05:13:28'),
(436, 84, 137, '13', '2018-11-25 08:43:28', '2018-11-25 05:13:28'),
(437, 84, 139, '9', '2018-11-25 08:43:28', '2018-11-25 05:13:28'),
(438, 84, 144, '111', '2018-11-25 08:43:28', '2018-11-25 05:13:28'),
(439, 84, 146, 'کارکرد کم', '2018-11-25 08:43:28', '2018-11-25 05:13:28'),
(440, 84, 148, 'در صورت تمایل به خرید با شماره 09145263614 گلابی تماس بگیرید', '2018-11-25 08:43:28', '2018-11-25 05:13:28'),
(441, 84, 138, '', '2018-11-25 17:59:09', '2018-11-25 14:29:09'),
(442, 84, 140, '', '2018-11-25 17:59:09', '2018-11-25 14:29:09'),
(443, 84, 141, '', '2018-11-25 17:59:09', '2018-11-25 14:29:09'),
(444, 84, 142, '2', '2018-11-25 17:59:09', '2018-11-25 14:29:09'),
(445, 84, 143, '', '2018-11-25 17:59:09', '2018-11-25 14:29:09'),
(446, 84, 145, '', '2018-11-25 17:59:09', '2018-11-25 14:29:09'),
(447, 84, 245, '', '2018-11-25 17:59:09', '2018-11-25 14:29:09');

-- --------------------------------------------------------

--
-- Table structure for table `categories`
--

CREATE TABLE `categories` (
  `id` int(10) UNSIGNED NOT NULL,
  `cat_name` varchar(190) COLLATE utf8mb4_unicode_ci NOT NULL,
  `cat_image` varchar(190) COLLATE utf8mb4_unicode_ci DEFAULT NULL,
  `order_by` int(11) NOT NULL DEFAULT '0',
  `parent_id` int(11) NOT NULL DEFAULT '0',
  `depth` int(11) NOT NULL DEFAULT '0',
  `is_code_dastgah` tinyint(4) NOT NULL,
  `created_at` timestamp NULL DEFAULT NULL,
  `updated_at` timestamp NULL DEFAULT NULL
) ENGINE=InnoDB DEFAULT CHARSET=utf8mb4 COLLATE=utf8mb4_unicode_ci;

--
-- Dumping data for table `categories`
--

INSERT INTO `categories` (`id`, `cat_name`, `cat_image`, `order_by`, `parent_id`, `depth`, `is_code_dastgah`, `created_at`, `updated_at`) VALUES
(45, 'الکتروموتور سه فاز', '1537252325da33a3516fbfcb0a19793d451807290f11c16da5.jpg', 1, 0, 0, 0, '2018-09-16 01:07:55', '2018-10-18 05:19:54'),
(46, 'الکتروموتور تکفاز', '153724728772ef90a2d5077350282004d7aa49629477936136.jpg', 2, 0, 0, 0, '2018-09-16 01:32:45', '2019-03-13 14:27:11'),
(47, 'ژنراتور Alternator', '1538309666697cc1d78029c1d0dfb65c862df86c6fe82dbf2c.png', 5, 0, 0, 0, '2018-09-16 01:48:49', '2018-10-18 05:26:38'),
(48, 'موتور برق Generator', '15370792635bea86dc442b2a7f4d6bbf9333435c46cbaa598a.jpg', 6, 0, 0, 0, '2018-09-16 01:55:55', '2018-10-18 05:27:25'),
(49, 'الکتروپمپ شناور و کفکش', '15372485607e6b11bf77e461db60682682f378d868d027615f.png', 3, 0, 0, 0, '2018-09-16 02:08:43', '2019-03-13 14:27:11'),
(51, 'الکترو پمپ سرچاهی', '1537248701460888aeb4a88c786f1713f855fc1020483eb0dd.png', 4, 0, 0, 0, '2018-09-18 00:02:11', '2018-10-18 05:19:54'),
(52, 'الکترو موتورهای خاص', '1537265920ca286ae4bac5d9e06010f36a10c9f00367a54e39.jpg', 8, 0, 0, 0, '2018-09-18 05:48:41', '2018-10-18 05:27:25'),
(53, 'موتور کولر', '1537773943db772e81db76415e27bfab55f3c66d2931c33d44.jpg', 7, 0, 0, 0, '2018-09-18 05:52:24', '2018-10-18 05:26:38'),
(54, 'قطعات یدکی', '15372679061ea7daf9c343cfa6f121f787977c6fce91a05989.png', 9, 0, 0, 0, '2018-09-18 06:11:53', '2018-10-20 04:01:27'),
(55, 'این اقلام را خریداریم', '15378747495df9c95f94e57678d032fcaedf2808e1ee669929.jpg', 10, 0, 0, 0, '2018-09-25 07:53:00', '2018-10-20 04:01:27'),
(56, 'زمان سرویس بعدی دستگاه شما', '15400538435db65e3f28d252475d296021985c73659a01d2e9.jpg', 11, 0, 0, 1, '2018-09-30 04:08:31', '2018-10-20 13:14:03');

-- --------------------------------------------------------

--
-- Table structure for table `documentcats`
--

CREATE TABLE `documentcats` (
  `id` int(11) NOT NULL,
  `title` varchar(190) NOT NULL,
  `created_at` datetime DEFAULT NULL,
  `updated_at` timestamp NULL DEFAULT CURRENT_TIMESTAMP ON UPDATE CURRENT_TIMESTAMP
) ENGINE=InnoDB DEFAULT CHARSET=utf8mb4;

--
-- Dumping data for table `documentcats`
--

INSERT INTO `documentcats` (`id`, `title`, `created_at`, `updated_at`) VALUES
(9, 'کاتالوگ محصولات شرکت اسپیکو SPICO', '2018-09-17 07:46:38', '2018-09-17 03:16:38'),
(10, 'کاتالوگ محصولات شرکت پمپیران Pumpiran', '2018-09-17 07:47:25', '2018-09-17 03:17:25'),
(11, 'کاتالوگ محصولات فدک FADAK', '2018-09-17 07:48:23', '2018-09-17 03:18:23'),
(13, 'کاتالوگ محصولات EBARA', '2018-09-17 07:49:17', '2018-09-17 03:19:17'),
(14, 'جداول مفید محاسباتی', '2018-09-23 08:13:46', '2018-09-23 04:43:46');

-- --------------------------------------------------------

--
-- Table structure for table `documents`
--

CREATE TABLE `documents` (
  `id` int(11) NOT NULL,
  `title` varchar(190) NOT NULL,
  `description` text,
  `doc` text,
  `cat_id` int(11) NOT NULL,
  `created_at` datetime DEFAULT NULL,
  `updated_at` timestamp NULL DEFAULT CURRENT_TIMESTAMP ON UPDATE CURRENT_TIMESTAMP
) ENGINE=InnoDB DEFAULT CHARSET=utf8mb4;

--
-- Dumping data for table `documents`
--

INSERT INTO `documents` (`id`, `title`, `description`, `doc`, `cat_id`, `created_at`, `updated_at`) VALUES
(1, 'جدول محاسبه سریع کابل', 'از طریق این جدول و مثال داده شده در زیر جدول می توان سطح مقطع کابل مورد نظر را محاسبه نمود. لازم به ذکر است این جدول را می توان با تقریب خوبی مورد استفاده قرار داد. برای محاسبه دقیق تر می توان ز روشهای محاسباتی استفاده نمود، یا با مسول کارگاه صنعتی نیرو محرکه تماس حاصل نمود.', '', 14, '2018-09-23 09:00:07', '2018-09-29 05:13:28');

-- --------------------------------------------------------

--
-- Table structure for table `galleries`
--

CREATE TABLE `galleries` (
  `id` int(11) NOT NULL,
  `title` varchar(190) NOT NULL,
  `image` text NOT NULL,
  `created_at` datetime DEFAULT NULL,
  `updated_at` timestamp NULL DEFAULT NULL
) ENGINE=InnoDB DEFAULT CHARSET=utf8mb4;

--
-- Dumping data for table `galleries`
--

INSERT INTO `galleries` (`id`, `title`, `image`, `created_at`, `updated_at`) VALUES
(58, 'سیم پیچی ژنراتور 15 کیلوولت آمپر', '1540054377d37abe8f3085305653a00579787052d837bb3b1d.jpg', '2018-10-20 16:52:57', '2018-10-20 13:22:57'),
(59, 'سیم پیچی هسته الکتروموتور دالاندر دستگاه تراش', '1540054567d392eb6c8c136b3556b9cc9a8aacfb42decbded3.JPG', '2018-10-20 16:56:07', '2018-10-20 13:26:07'),
(60, 'بروشور کارگاه', '154005468972ebe0c64f2a58723adb622472a1d7ec58a988c8.JPG', '2018-10-20 16:58:09', '2018-10-20 13:28:09'),
(61, 'استاد کامران در کنار شناور 18.5 کیلو وات پمپیران سیم پیچی شده', '1540054811d69fcfb390303fd518e8be606580c0a1ab5c6531.JPG', '2018-10-20 17:00:12', '2018-10-20 13:37:20'),
(62, 'روتور سیم پیچی شده موتور برق 5 کیلوولت آمپر', '1540055622fa6fbf22d5ff896bbafd99e738481f05eda4efe5.JPG', '2018-10-20 17:13:42', '2018-10-20 13:43:42'),
(63, 'بوبین سیم پیچی شده ترمز الکتروموتور', '1540056387768c13731fa335c400903587465445f85db8e3eb.jpg', '2018-10-20 17:26:27', '2018-10-20 13:56:27'),
(64, 'بوبین سیم پیچی شده ترمز الکتروموتور', '15400564328598cd89177bdcc5a45da1d39ad521567484e4da.jpg', '2018-10-20 17:27:13', '2018-10-20 13:57:13');

-- --------------------------------------------------------

--
-- Table structure for table `migrations`
--

CREATE TABLE `migrations` (
  `id` int(10) UNSIGNED NOT NULL,
  `migration` varchar(190) COLLATE utf8mb4_unicode_ci NOT NULL,
  `batch` int(11) NOT NULL
) ENGINE=InnoDB DEFAULT CHARSET=utf8mb4 COLLATE=utf8mb4_unicode_ci;

--
-- Dumping data for table `migrations`
--

INSERT INTO `migrations` (`id`, `migration`, `batch`) VALUES
(4, '2014_10_12_000000_create_users_table', 1),
(5, '2014_10_12_100000_create_password_resets_table', 1),
(6, '2018_08_20_075338_create_categories_table', 1),
(7, '2018_08_20_085806_create_posts_table', 2),
(9, '2018_08_21_131519_create_images_table', 3),
(10, '2018_08_23_141614_create_products_table', 1),
(11, '2018_08_23_152314_create_product_attrs_table', 4),
(12, '2018_08_25_074709_create_images_table', 4);

-- --------------------------------------------------------

--
-- Table structure for table `password_resets`
--

CREATE TABLE `password_resets` (
  `email` varchar(190) COLLATE utf8mb4_unicode_ci NOT NULL,
  `token` varchar(190) COLLATE utf8mb4_unicode_ci NOT NULL,
  `created_at` timestamp NULL DEFAULT NULL
) ENGINE=InnoDB DEFAULT CHARSET=utf8mb4 COLLATE=utf8mb4_unicode_ci;

-- --------------------------------------------------------

--
-- Table structure for table `products`
--

CREATE TABLE `products` (
  `id` int(10) UNSIGNED NOT NULL,
  `title` varchar(190) COLLATE utf8mb4_unicode_ci NOT NULL,
  `price` varchar(190) COLLATE utf8mb4_unicode_ci DEFAULT '',
  `thumb` text COLLATE utf8mb4_unicode_ci,
  `code_kala` varchar(100) COLLATE utf8mb4_unicode_ci DEFAULT '',
  `category_id` int(11) NOT NULL,
  `created_at` timestamp NULL DEFAULT CURRENT_TIMESTAMP,
  `updated_at` timestamp NULL DEFAULT CURRENT_TIMESTAMP
) ENGINE=InnoDB DEFAULT CHARSET=utf8mb4 COLLATE=utf8mb4_unicode_ci;

--
-- Dumping data for table `products`
--

INSERT INTO `products` (`id`, `title`, `price`, `thumb`, `code_kala`, `category_id`, `created_at`, `updated_at`) VALUES
(53, '9720', NULL, '15400539615dfebbc70026d887d666d6861fad0d0db612066c.jpg', NULL, 56, '2018-09-30 07:06:25', '2018-10-20 13:16:01'),
(54, '9721', NULL, '1540054020a1ff8c2437dbf3820cb485d6d25f5edfa57e113c.jpg', NULL, 56, '2018-09-30 07:10:19', '2018-10-20 13:17:00'),
(58, 'الکتروموتور تکفاز دو دور', '600,000', '1539153521cd39eae1dad2e38953d473484a3944a488ba654e.jpg', '106', 52, '2018-10-10 03:08:41', '2018-10-20 05:25:30'),
(59, 'الکترو موتور ضد انفجار سه فاز', '700,000', '1539153828606c5694d98f5961f9537250c6a6a808e13f86cc.jpg', '107', 52, '2018-10-10 03:13:49', '2018-10-20 05:25:41'),
(60, 'الکتروموتور تکفاز', '500,000', '1539154604b3368b440ceea5cddbdfe6a47584859129c45daa.jpg', '108', 52, '2018-10-10 03:26:44', '2018-10-20 05:25:53'),
(61, 'الکتروموتور تکفاز دو دور', '600,000', '15391550892f4195835b01f42ab54ff76cb28cb58a4de5fd24.jpg', '109', 52, '2018-10-10 03:34:49', '2018-10-20 05:26:11'),
(62, 'الکتروموتور تکفاز دو دور', '600,000', '153915569123f30699729564fb563c6ccef0803773b80c05aa.jpg', '110', 52, '2018-10-10 03:44:51', '2018-10-20 05:26:22'),
(63, 'الکتروموتور تکفاز دو دور', '600,000', '1539156385f7ac49e14053f7400bbaf4e71faca43f7afc9607.jpg', '111', 52, '2018-10-10 03:56:25', '2018-10-20 05:26:32'),
(64, 'الکتروموتور تکفاز دو دور', '600,000', '1539157263ad0afba4b2bef55ae8b7dec64161e14f2f4bf63e.jpg', '112', 52, '2018-10-10 04:11:03', '2018-10-20 05:26:46'),
(65, 'الکتروموتور شناور', '900,000', '15391578490ec3592db10d8f0de52d32d9d32af8c1652c2ea9.jpg', '105', 49, '2018-10-10 04:20:49', '2018-11-11 08:52:45'),
(66, 'موتور کولر 7000', '350,000', '1539158213ccfb764acf5780d99e2eee8f8645e24186515650.jpg', '113', 53, '2018-10-10 04:26:53', '2018-10-20 05:27:02'),
(67, 'موتور کولر 1/8', '150,000', '15391585219b8d8e01eec578a71bbf7d7702d259571ffe7e1f.jpg', '114', 53, '2018-10-10 04:32:01', '2018-10-20 05:27:10'),
(68, 'الکتروموتور سه فاز موتوژن', '550,000', '1539756453ae7f5dce767dc171598e0756c44419790b9525d1.jpg', '100', 45, '2018-10-17 02:37:33', '2018-10-20 03:27:44'),
(69, 'الکتروموتور تکفاز', '280,000', '153975683454f3f73e8255130c69d542e03f8d7b8014809d07.jpg', '103', 46, '2018-10-17 02:43:54', '2018-10-20 07:38:04'),
(70, 'الکتروموتور سه فاز موتوژن', '450,000', '15397577926907fa317bd96d1247d0ab6fca2aa1c24264f69e.jpg', '101', 45, '2018-10-17 02:59:52', '2018-10-20 03:02:56'),
(71, 'الکتروموتور تکفاز', '320,000', '1539758478ef36c71e5a7d8ff68393054ea9986ae16ab8ed31.jpg', '104', 46, '2018-10-17 03:11:18', '2018-10-20 05:24:27'),
(72, 'الکتروموتور سه فاز چینی', '400,000', '15397590287a5b5d8de94b1d31cbdf5a01bb41915cd87a14a0.jpg', '102', 45, '2018-10-17 03:20:28', '2018-10-20 07:38:34'),
(83, 'الکتروموتور گیربکس دار', '2,500,000', '1541939628a713685a9c29ab5f069752f9e41723270c79684f.jpg', '114', 52, '2018-11-11 09:03:48', '2018-11-11 09:03:48'),
(84, 'الکتروپمپ شناور', '3,900,000', '15431354088a906b1b3945b148e412b2d28b121342a04381ed.jpg', '115', 49, '2018-11-25 05:13:28', '2018-11-25 14:29:09');

-- --------------------------------------------------------

--
-- Table structure for table `services`
--

CREATE TABLE `services` (
  `id` int(11) NOT NULL,
  `title` varchar(190) NOT NULL,
  `html` mediumtext NOT NULL,
  `created_at` datetime DEFAULT NULL,
  `updated_at` timestamp NULL DEFAULT NULL
) ENGINE=InnoDB DEFAULT CHARSET=utf8mb4;

--
-- Dumping data for table `services`
--

INSERT INTO `services` (`id`, `title`, `html`, `created_at`, `updated_at`) VALUES
(10, 'تعمیر و سیم پیچی الکترو پمپ شناور 4 اینچ استیل', '<p style=\"text-align: center;\"><strong>کارگاه صنعتی نیرومحرکه به عنوان اولین مرکز تعمیر و سیم پیچی شناورهای استیل 4 اینچ استیل مارک های&nbsp;</strong></p>\r\n<p style=\"text-align: center;\"><strong>Pentax, Lowara, Ebara, Saer, Dab, Pumpiran</strong></p>\r\n<p style=\"text-align: center;\"><strong>و چینی، با بهترین کیفیت توانسته جایگاه ویژه ای در این زمینه برای خود پیدا کند</strong></p>\r\n<p style=\"text-align: center;\">&nbsp;</p>\r\n<p style=\"text-align: center;\"><strong><img style=\"display: block; margin-left: auto; margin-right: auto;\" src=\"http://admin.niroomohareke.ir/images/services/1538292732d7409fe72a3e63b655c249a536968fab71307dbd.jpg\" alt=\"\" width=\"500\" height=\"500\" /><br /></strong></p>', '2018-09-13 18:27:14', '2018-09-30 04:04:17'),
(13, 'تعمیر و سیم پیچی انواع الکترو پمپ های شناور و کفکش و سرچاهی', '<p style=\"text-align: center;\">تعمیر و سیم پیچی انواع الکتروموتور های صنعتی، کشاورزی، شناور و کفکشهای ایرانی، و خارجی</p>\r\n<p style=\"text-align: center;\">تعمیر و سیم پیچی شناور چاههای عمیق پمپیران، سولار</p>\r\n<p style=\"text-align: center;\">Pentax,&nbsp; Lowara, Ebara, Dab, Pumpiran, Spico, strea ....</p>\r\n<p style=\"text-align: right;\"><img style=\"display: block; margin-left: auto; margin-right: auto;\" src=\"http://admin.niroomohareke.ir/images/services/15376839392655f8aab47053d43c697de2ded4361d6e4fe513.jpg\" alt=\"\" width=\"500\" height=\"482\" /></p>', '2018-09-17 07:09:47', '2018-10-06 02:22:57'),
(14, 'تعمیر و سیم پیچی استاتور و روتور دینام های خودرو', '<p style=\"text-align: center;\">این کارگاه آمادگی همکاری با تعمیرکاران برق خودرو و دینام سازان را داشته و خدمات تعمیر استاتور و روتور انواع دینام خودروهای سوری را به بهترین نحو و در اسرع وقت ارایه می نماید..</p>\r\n<p style=\"text-align: right;\"><img style=\"display: block; margin-left: auto; margin-right: auto;\" src=\"http://admin.niroomohareke.ir/images/services/1537775951abfd571dd23f029e8e17748031a124462c4ec0f1.jpg\" alt=\"\" width=\"500\" height=\"500\" /></p>', '2018-09-22 12:33:09', '2018-09-24 04:29:22'),
(15, 'تعمیر و ساخت انواع بوبین، کویل و ترمز الکتروموتور', '<p style=\"text-align: center;\">یکی دیگر از خدمات کارگاه صنعتی نیرو محرکه تعمیر و ساخت نواع بوبین، کویل و ترمز الکتروموتور با بالاترین کیفیت و دقت است.</p>\r\n<p style=\"text-align: right;\"><img style=\"display: block; margin-left: auto; margin-right: auto;\" src=\"http://admin.niroomohareke.ir/images/services/153768326631eb260a0b14534962891e1b44002aa10627ea04.jpg\" alt=\"\" width=\"500\" height=\"500\" /></p>', '2018-09-23 06:14:37', '2018-09-23 02:59:51'),
(16, 'تعمیرات پیشگیرانه یا PM', '<p style=\"text-align: center;\"><strong>در این سامانه با ثبت اطلاعات مربوط به دستگاه، می توانید براساس کد مشتری و یا کد دستگاه که کارگاه به شما ارایه می کند، با این نرم افزار و از طریق تلفن همراه خود از زمان سرویس بعدی الکتروموتور، شناور و یا ژنراتور خود مطلع شوید. در صفحه اول با مراجعه به بخش \"زمان سرویس بعدی دستگاه شما\" این امر امکان پذیر است.<br /></strong></p>\r\n<p style=\"text-align: center;\"><strong>با استفاده از این سیستم، شما با سرویس و نگهداری به موقع، مانع بروز عیب اساسی و یا سوختن سیم پیچی می شوید. اگرچه شاید خیال عامه بر این باشد که سوختن دستگاه به نفع تعمیرکار است، اما تفکر این کارگاه اشاعه یک فکر ناب و استاندارد بهره برداری، نگهداری و تعمیرات در یک سیستم بزرگ به نام جامعه است. لازم به ذکر است این سیستم در کارخانجات و مراکز مهم صنعتی به روش دقیق پیاده سازی می شود و باعث کاهش هزینه تعمیرات و افزایش تولید می شود، به این سیستم \"تعمیرات پیشگیرانه\" گفنه می شود</strong></p>\r\n<p style=\"text-align: center;\"><strong>حال این سیستم در یک جامعه بزرگتر و برای شهروندان محترم نیز می تواند صادق باشد. این سیستم برای اولین بار توسط این کارگاه پایه گذاری شده است تا هم برای کارگاه و هم برای مشتری سودمند باشد</strong></p>\r\n<p style=\"text-align: center;\"><strong><img src=\"http://admin.niroomohareke.ir/images/services/1538298112eb650b0d58a5259722cadd2a51018a559e995b70.jpg\" alt=\"\" width=\"500\" height=\"471\" /></strong></p>', '2018-09-30 07:16:39', '2018-10-17 08:43:57'),
(17, 'طراحی، مشاوره و تامین تجهیزات', '<p style=\"text-align: center;\"><strong>این کارگاه با ارایه مشاوره انتخاب، محاسبات و خرید انواع محصولات مرتبط حوزه فعالیت خود در خدمت مشتریان و هموطنان محترم می باشد</strong></p>\r\n<p style=\"text-align: center;\"><img src=\"http://admin.niroomohareke.ir/images/services/1538827793ba6dc2d661f455c6c956668e16d5f10d55c41f09.jpg\" alt=\"\" width=\"667\" height=\"593\" /></p>', '2018-10-06 12:10:32', '2018-10-20 07:14:23'),
(18, 'طراحی و ساخت تابلو برق', '<p style=\"text-align: center;\"><strong>طراحی و ساخت انواع تابلوهای تغذیه، کنترل و حفاظت الکتروموتور و ژنراتور و محاسبات کابل، تست مقاومت زمین و مقاومت اتصال به زمین <br /></strong></p>\r\n<p style=\"text-align: center;\"><img src=\"http://admin.niroomohareke.ir/images/services/1538828753ff1c3e5bc123faefd4c23443484278905741d664.jpg\" alt=\"\" width=\"500\" height=\"500\" /></p>', '2018-10-06 12:26:53', '2018-10-16 00:54:35');

-- --------------------------------------------------------

--
-- Table structure for table `settings`
--

CREATE TABLE `settings` (
  `id` int(11) NOT NULL,
  `title` varchar(190) NOT NULL,
  `value` text,
  `created_at` datetime DEFAULT NULL,
  `updated_at` timestamp NULL DEFAULT NULL
) ENGINE=InnoDB DEFAULT CHARSET=utf8mb4;

--
-- Dumping data for table `settings`
--

INSERT INTO `settings` (`id`, `title`, `value`, `created_at`, `updated_at`) VALUES
(11, 'telegram', 'http://t.me/niroomohareke', '2018-09-10 16:39:00', '2018-09-10 12:09:00'),
(12, 'aboutus', 'درباره کارگاه صنعتی نیرو محرکه:\r\n          کارگاه صنعتی نیرو محرکه با بکار گیری پتانسیل علمی و فنی منطقه ، با هدف خدمت به پرسنل خود و شهروندان عزیز مهاباد در فاز اول، و در فاز دوم شهروندان جنوب استان، در سال 1392  شروع به فعالیت نموده است. این کارگاه در خصوص تعمیر و بازسازی انواع الکتروموتورهای سه فاز، تک فاز و DC، ژنراتور و الکتروپمپ های شناور تا توان 200kw (سیم پیچ تسمه نوردی نباشد) و ساخت و تعمیر انواع بوبین فعالیت می کند. جهت اطلاع از جزئیات بیشتر لطفا به بخش \"خدمات کارگاه\" مراجعه فرمایید . \r\n\r\n          کارگاه صنعتی نیرومحرکه اعتقاد دارد که کیفیت بهترین تبلیغ، و در نهایت عامل پیشرفت است.\r\n\r\n          آدرس کارگاه: مهاباد، بلوار میاندوآب-مهاباد، شهرک صبا جنب کارواش خرمان، کارگاه صنعتی نیرومحرکه\r\n          شماره تماس کارگاه: 04442340549\r\n          سرپرست کارگاه و استاد کار :  کامران علیزاده 09146669431\r\n          استاد کار:  مختار برزنجی 09146357202 \r\n          صاحب امتیاز و مدیر: مهندس سیداحمدی  09143420538\r\n\r\nدرباره نرم افزار:\r\n          این نرم افزار جهت دسترسی سریع مشتریان و کاربران محترم به نیازهای خود و خدمات کارگاه تهیه شده است.\r\n          بخشهای یا منوهای مختلف نرم افزار:\r\n\r\n1-	صفحه اصلی\r\n          با مراجعه به هر دسته از محصولات صفحه اصلی می توان از تجهیزات موجود برای فروش مطلع شد. با جستجو و فیلتر نمودن می توان محصول مورد نظر خود را یافته و مشخصات فنی و قیمت را بررسی نموده وبه شماره تماس جهت تهیه دسترسی پیدا کرد.  \r\n\r\nنکته 1 - شهروندان می توانند بعد از تماس و هماهنگی با کارگاه عکس ومشخصات دستگاه یا محصول خود را جهت نمایش در صفحه اصلی ارسال نماید. هزینه ثبت هر محصول ۱۰،۰۰۰ تومان است و مدت زمان نمایش اطلاعات تا زمان فروش و یا حد اکثر یک سال است. لازم به ذکر است این هزینه بابت تامین مخارج نرم افزار است نه سهم از فروش. برای محصولاتی که صرفا ثبت شده اند و کارگاه دخل و تصرفی در آنها ندارند و تنها یک اعلام آگهی به حساب می آید (یعنی شماره تماس همان شماره مالک دستگاه می باشد نه کارگاه)  مبلغ دیگری دریافت نمی شود و کارگاه در این مورد هیچ مسولیتی در خصوص کیفیت و کمیت و چند و چون معامله طرفین ندارد. کارگاه تنها معرفی دستگاه فروشنده را به عهده دارد.\r\nنکته 2- در صورتیکه قصد خرید دستگاهی را دارید، اما در صفحه اصلی موجود نباشد مانند مورد قبل، پس از ارسال مشخصلت دستگاه، ما  آن را در بخش \"اقلام مورد نیاز کارگاه\" ثبت خواهیم نمود تا همکاران یا شهروندان عزیزی که آن وسیله را در اختیار دارند و قصد فروش دارند تماس بگیرند. هزینه ثبت برای ثبت آگهی در این مورد نیز همانند مورد قبل می باشد. \r\nنکته 3- در صورتیکه قبلا دستگاهی را در این کارگاه تعمیر کرده اید، میتوانید با داشتن کد مشتری و کد دستگاه پرونده آنرا مشاهده و از زمان سرویس بعدی دستگاه مطلع شوید. جهت اطلاعات بیشتر، در منو خدمات کارگاه، به بخش تعمیرات پیشگیرانه مراجعه فرمایید.\r\n\r\n2-	خدمات کارگاه \r\n         در این بخش عمده فعالیتهای کارگاه  دسته بندی شده است. با کلیک بر روی هر موضوع می توان به توضیحات آن بخش دسترسی پیدا کرد.\r\n\r\n3-	اطلاعات فنی\r\n        در این بخش مطالب فنی از قبیل کاتالوگ تجهیزات و دفترچه ی  راهنمای محصولات  قرار داه می شود.\r\n\r\n4-	گالری\r\n        عکسهای گرفته شده از پروژه و کارهای انجام شده در این بخش قرار داده میشود.\r\n\r\n5-	دانلودها\r\n        فایلهای دانلود شده در بخش اطلاعات فنی جهت مطالعه بعدی در این بخش نگهداری می شود.\r\n\r\n5- آدرس کارگاه\r\n       با کلیک بر روی این بخش مستقیما به نقشه گووگل هدایت می شود و میتوانید کروکی و یا محل دقیق کارگاه را بررسی فرمایید.\r\n\r\n6-	کانال تلگرام\r\n       با کلیک بر روی این بخش میتوان به کانال تلگرام کارگاه مراجعه نموده و از اطلاعات درج شده یا آدرس کارگاه و یا دانلود اپلیکیشن کارگاه استفاده نمود.', '2018-09-10 16:39:00', '2018-09-10 12:09:00'),
(13, 'adobe_reader', 'https://getandroid.ir/index.php?do=downloadlinks&id=76', '2018-09-10 16:39:00', '2018-09-10 12:09:00'),
(14, 'address', 'https://www.google.com/maps/place/%DA%A9%D8%A7%D8%B1%DA%AF%D8%A7%D9%87+%D8%B5%D9%86%D8%B9%D8%AA%DB%8C+%D9%86%DB%8C%D8%B1%D9%88%D9%85%D8%AD%D8%B1%DA%A9%D9%87%E2%80%AD/@37.0587692,43.9108767,7z/data=!4m5!3m4!1s0x0:0xd7a19331e10ad0a4!8m2!3d36.7858359!4d45.7462026', NULL, NULL);

-- --------------------------------------------------------

--
-- Table structure for table `uploads`
--

CREATE TABLE `uploads` (
  `id` int(10) UNSIGNED NOT NULL,
  `resized_name` text COLLATE utf8mb4_unicode_ci NOT NULL,
  `product_id` int(11) NOT NULL DEFAULT '0',
  `created_at` timestamp NULL DEFAULT NULL,
  `updated_at` timestamp NULL DEFAULT NULL
) ENGINE=InnoDB DEFAULT CHARSET=utf8mb4 COLLATE=utf8mb4_unicode_ci;

--
-- Dumping data for table `uploads`
--

INSERT INTO `uploads` (`id`, `resized_name`, `product_id`, `created_at`, `updated_at`) VALUES
(280, '1539152501a1f963e5e5ed368c3b24161d371098e8c046257e.jpg', 58, '2018-10-10 02:51:41', '2018-10-10 03:08:41'),
(281, '153915258090fc1593f25701a1251577d5ea8d25238f3367e0.jpg', 58, '2018-10-10 02:53:00', '2018-10-10 03:08:41'),
(282, '15391526270015ba3d2ef170c174fc18de3bb5311643508aa5.jpg', 58, '2018-10-10 02:53:47', '2018-10-10 03:08:41'),
(283, '15391535342f97bc3624c270ccdb01fa30ba8b7f5b187e3c92.jpg', 59, '2018-10-10 03:08:55', '2018-10-10 03:13:49'),
(284, '153915359041748c312bddbe59b601a1dfe9c78da8b5e04e03.jpg', 59, '2018-10-10 03:09:51', '2018-10-10 03:13:49'),
(285, '1539154400ee0462001a9900708efc95686eb8d0e90f77266b.jpg', 60, '2018-10-10 03:23:21', '2018-10-10 03:26:45'),
(286, '15391544211fab36e59142ca22ed49f2323cd3377824c7c876.jpg', 60, '2018-10-10 03:23:41', '2018-10-10 03:26:45'),
(287, '15391544282a432b1b4e902610c6b325f6d2b1dd7599eff61e.jpg', 60, '2018-10-10 03:23:48', '2018-10-10 03:26:45'),
(289, '1539154744854cbb99339229062d25a388eaf383416f03da84.jpg', 61, '2018-10-10 03:29:04', '2018-10-10 03:34:49'),
(290, '1539154837205dc5ae17cd933b8f9d2974bd752d3eb8ed9e53.jpg', 61, '2018-10-10 03:30:37', '2018-10-10 03:34:49'),
(291, '1539154884e528aa6fb825d3d133f07fba4861734487a83a57.jpg', 61, '2018-10-10 03:31:24', '2018-10-10 03:34:49'),
(295, '15391553000f747c7bbd0a49c74b22192d92634658623bbd1b.jpg', 62, '2018-10-10 03:38:20', '2018-10-10 03:44:51'),
(296, '15391553931dbeccb41284e054a47d902421d29e41f6074cf6.jpg', 62, '2018-10-10 03:39:54', '2018-10-10 03:44:51'),
(297, '153915544109ad1c6e6e817aa3d66ca16fcafa9f4f274d5327.jpg', 62, '2018-10-10 03:40:41', '2018-10-10 03:44:51'),
(298, '15391559646c9a29091b682d258b767a836a955b79cfe3c8ed.jpg', 63, '2018-10-10 03:49:24', '2018-10-10 03:56:25'),
(299, '153915602383c7457cac0644d094b02dbe202a7768dcda9ef1.jpg', 63, '2018-10-10 03:50:24', '2018-10-10 03:56:25'),
(300, '1539156064b845cfeeb9ccb9cecbf7e8ebc5e12d18376d9835.jpg', 63, '2018-10-10 03:51:04', '2018-10-10 03:56:25'),
(301, '15391567841fb474f2afcb72b7ce883d1288eae1fe9b237096.jpg', 64, '2018-10-10 04:03:04', '2018-10-10 04:11:03'),
(302, '1539156861e5573dcfb07b849537e3eead29b678a93f4a455a.jpg', 64, '2018-10-10 04:04:21', '2018-10-10 04:11:03'),
(303, '1539156898f4a3d8187b3bb5363e758bba9e3d855268557747.jpg', 64, '2018-10-10 04:04:59', '2018-10-10 04:11:03'),
(305, '15391575154d8832472907c8491f4ecdbae00980bdc5ed02fd.jpg', 65, '2018-10-10 04:15:15', '2018-10-10 04:20:49'),
(306, '1539157992c7990c24bda25e266011f62edf664181a3062199.jpg', 66, '2018-10-10 04:23:13', '2018-10-10 04:26:53'),
(307, '1539158414d831219e1418ce34690646f68d02b1c41558f436.jpg', 67, '2018-10-10 04:30:14', '2018-10-10 04:32:02'),
(309, '15397557793147948824fe724845df69a0c184ed926b7c7505.jpg', 68, '2018-10-17 02:26:19', '2018-10-17 02:37:33'),
(310, '15397558781401ac9a6a3a32648dd88e77f9c25cd9cf798da0.jpg', 68, '2018-10-17 02:28:01', '2018-10-17 02:37:33'),
(312, '15397565477f0e266d8142443dcacdf2fc1faedb2134ef2b18.jpg', 69, '2018-10-17 02:39:08', '2018-10-17 02:43:54'),
(313, '153975658323a939b45cd2135397e991b9dcf21dbc1ac36404.jpg', 69, '2018-10-17 02:39:43', '2018-10-17 02:43:54'),
(314, '15397571463cbce9ca6952d38eea267d08a2bccf2ff1718fee.jpg', 70, '2018-10-17 02:49:06', '2018-10-17 02:59:52'),
(315, '153975743399e44944dbd76537338fd1fcf5f666f4a872dc46.jpg', 70, '2018-10-17 02:53:55', '2018-10-17 02:59:52'),
(316, '1539758096a895621463a33bbf171bfb31708ffd68964e04c4.jpg', 71, '2018-10-17 03:04:56', '2018-10-17 03:11:18'),
(317, '153975813810e5ed97dbe315db9a74186d3952c6b93c8f8f0e.jpg', 71, '2018-10-17 03:05:38', '2018-10-17 03:11:18'),
(318, '1539758597bd88ffc4bc143c09ee766c439bfc67bf6e10e42f.jpg', 72, '2018-10-17 03:13:18', '2018-10-17 03:20:28'),
(319, '15397587077ab2afcfc3bb874de90bcd41950b90398038e6be.jpg', 72, '2018-10-17 03:15:08', '2018-10-17 03:20:28'),
(338, '1540053949ad9c98ef8cd7c5fdf3ee20e308d2ca34bfef1f31.jpg', 53, '2018-10-20 13:15:49', '2018-10-20 13:15:49'),
(339, '1540054016828cc9c441f5624a0a0547233870049b293df2dc.jpg', 54, '2018-10-20 13:16:56', '2018-10-20 13:16:56'),
(344, '1541939234ce022ba6dfccf9e64f2420bef7c89f450f0773a2.jpg', 83, '2018-11-11 08:57:14', '2018-11-11 09:03:48'),
(345, '1541954476b009ac55e588eb7c8eeac3606f944575dc172a0b.jpg', 83, '2018-11-11 13:11:16', '2018-11-11 13:11:16'),
(347, '1543134557fa2a4645a1afe770fbc950ada6515baa51d4d9b1.jpg', 84, '2018-11-25 04:59:17', '2018-11-25 05:13:28'),
(348, '15431345631475b6664dc8c5a5bac9c4ee08d84d9d586c865f.jpg', 84, '2018-11-25 04:59:23', '2018-11-25 05:13:28'),
(350, '1543137731eadc42ebddc4efc96a5210db4f27f08a7e900b4d.jpg', 0, '2018-11-25 05:52:11', '2018-11-25 05:52:11'),
(351, '1543137741775face272c788d2cbecd5b9b77d73aa422d44cc.jpg', 0, '2018-11-25 05:52:21', '2018-11-25 05:52:21'),
(352, '154313775435c3199ac565483432e0d7b7a8e5c9da42702052.jpg', 0, '2018-11-25 05:52:34', '2018-11-25 05:52:34');

-- --------------------------------------------------------

--
-- Table structure for table `users`
--

CREATE TABLE `users` (
  `id` int(10) UNSIGNED NOT NULL,
  `name` varchar(190) COLLATE utf8mb4_unicode_ci NOT NULL,
  `email` varchar(190) COLLATE utf8mb4_unicode_ci NOT NULL,
  `password` varchar(190) COLLATE utf8mb4_unicode_ci NOT NULL,
  `remember_token` varchar(100) COLLATE utf8mb4_unicode_ci DEFAULT NULL,
  `created_at` timestamp NULL DEFAULT NULL,
  `updated_at` timestamp NULL DEFAULT NULL
) ENGINE=InnoDB DEFAULT CHARSET=utf8mb4 COLLATE=utf8mb4_unicode_ci;

--
-- Dumping data for table `users`
--

INSERT INTO `users` (`id`, `name`, `email`, `password`, `remember_token`, `created_at`, `updated_at`) VALUES
(1, 'niroomohareke', 'niroomohareke@gmail.com', '$2y$10$ac0aVZ.azwN0aO8z6EoK5OGAyNYYCH55UOcTqftNFhXP1YFjl/eX2', 'fqgLqYfULNuqNqVwqbxUdS2LgaE83o6TRfOYkR3W7cJYtRC5pCqqCrGx9MmC', '2018-09-10 02:36:29', '2018-09-10 02:36:29');

--
-- Indexes for dumped tables
--

--
-- Indexes for table `attrs`
--
ALTER TABLE `attrs`
  ADD PRIMARY KEY (`id`);

--
-- Indexes for table `attr_products`
--
ALTER TABLE `attr_products`
  ADD PRIMARY KEY (`id`),
  ADD KEY `product_id` (`product_id`);

--
-- Indexes for table `categories`
--
ALTER TABLE `categories`
  ADD PRIMARY KEY (`id`);

--
-- Indexes for table `documentcats`
--
ALTER TABLE `documentcats`
  ADD PRIMARY KEY (`id`);

--
-- Indexes for table `documents`
--
ALTER TABLE `documents`
  ADD PRIMARY KEY (`id`);

--
-- Indexes for table `galleries`
--
ALTER TABLE `galleries`
  ADD PRIMARY KEY (`id`);

--
-- Indexes for table `migrations`
--
ALTER TABLE `migrations`
  ADD PRIMARY KEY (`id`);

--
-- Indexes for table `password_resets`
--
ALTER TABLE `password_resets`
  ADD KEY `password_resets_email_index` (`email`);

--
-- Indexes for table `products`
--
ALTER TABLE `products`
  ADD PRIMARY KEY (`id`),
  ADD KEY `products_categories_id_index` (`category_id`);

--
-- Indexes for table `services`
--
ALTER TABLE `services`
  ADD PRIMARY KEY (`id`);

--
-- Indexes for table `settings`
--
ALTER TABLE `settings`
  ADD PRIMARY KEY (`id`);

--
-- Indexes for table `uploads`
--
ALTER TABLE `uploads`
  ADD PRIMARY KEY (`id`);

--
-- Indexes for table `users`
--
ALTER TABLE `users`
  ADD PRIMARY KEY (`id`),
  ADD UNIQUE KEY `users_email_unique` (`email`);

--
-- AUTO_INCREMENT for dumped tables
--

--
-- AUTO_INCREMENT for table `attrs`
--
ALTER TABLE `attrs`
  MODIFY `id` int(255) NOT NULL AUTO_INCREMENT, AUTO_INCREMENT=246;

--
-- AUTO_INCREMENT for table `attr_products`
--
ALTER TABLE `attr_products`
  MODIFY `id` int(255) NOT NULL AUTO_INCREMENT, AUTO_INCREMENT=448;

--
-- AUTO_INCREMENT for table `categories`
--
ALTER TABLE `categories`
  MODIFY `id` int(10) UNSIGNED NOT NULL AUTO_INCREMENT, AUTO_INCREMENT=57;

--
-- AUTO_INCREMENT for table `documentcats`
--
ALTER TABLE `documentcats`
  MODIFY `id` int(11) NOT NULL AUTO_INCREMENT, AUTO_INCREMENT=15;

--
-- AUTO_INCREMENT for table `documents`
--
ALTER TABLE `documents`
  MODIFY `id` int(11) NOT NULL AUTO_INCREMENT, AUTO_INCREMENT=2;

--
-- AUTO_INCREMENT for table `galleries`
--
ALTER TABLE `galleries`
  MODIFY `id` int(11) NOT NULL AUTO_INCREMENT, AUTO_INCREMENT=65;

--
-- AUTO_INCREMENT for table `migrations`
--
ALTER TABLE `migrations`
  MODIFY `id` int(10) UNSIGNED NOT NULL AUTO_INCREMENT, AUTO_INCREMENT=13;

--
-- AUTO_INCREMENT for table `products`
--
ALTER TABLE `products`
  MODIFY `id` int(10) UNSIGNED NOT NULL AUTO_INCREMENT, AUTO_INCREMENT=85;

--
-- AUTO_INCREMENT for table `services`
--
ALTER TABLE `services`
  MODIFY `id` int(11) NOT NULL AUTO_INCREMENT, AUTO_INCREMENT=19;

--
-- AUTO_INCREMENT for table `settings`
--
ALTER TABLE `settings`
  MODIFY `id` int(11) NOT NULL AUTO_INCREMENT, AUTO_INCREMENT=15;

--
-- AUTO_INCREMENT for table `uploads`
--
ALTER TABLE `uploads`
  MODIFY `id` int(10) UNSIGNED NOT NULL AUTO_INCREMENT, AUTO_INCREMENT=353;

--
-- AUTO_INCREMENT for table `users`
--
ALTER TABLE `users`
  MODIFY `id` int(10) UNSIGNED NOT NULL AUTO_INCREMENT, AUTO_INCREMENT=2;
COMMIT;

/*!40101 SET CHARACTER_SET_CLIENT=@OLD_CHARACTER_SET_CLIENT */;
/*!40101 SET CHARACTER_SET_RESULTS=@OLD_CHARACTER_SET_RESULTS */;
/*!40101 SET COLLATION_CONNECTION=@OLD_COLLATION_CONNECTION */;
